 {
    "1" : {
      "date": "2018-01-03 13:00",
      "description" : "Lorem ipsum dolor sit amet consectetur adipisicing elit. Quo.",
      "id" : "-Ky0E6CbE8qAxNntn8bj",
      "name": "Téli Sziget Fesztivál",
      "pictureURL": "http://www.fortitudemagazine.co.uk/wp-content/uploads/2017/04/sziget_og_image.jpg"
   },
    "2" : {
      "date": "2017-11-23 21:00",
      "description" : "Lorem, ipsum dolor sit amet consectetur adipisicing elit.",
      "id" : "-Ky0EDGGrXHMYdns10L_",
      "name" : "Diótörő Balett",
      "pictureURL": "http://www.e-jegyiroda.hu/img/diotoro-jegyek-budapest-szeged-kecskemet-balett-mese-babjatek.jpg"
    },
    "3" : {
      "date": "2018-02-11 22:00",
      "description" : "Lorem ipsum dolor sit amet consectetur adipisicing elit. Facilis, necessitatibus.",
      "id" : "-Ky0EKWDcRlYVCoRxwUy",
      "name" : "Macskák Musical",
      "pictureURL": "https://pb2.jegy.hu/imgs/system-4/program/000/016/918/macskak-original-54100.jpg"
    },
    "4" : {
      "date" : "2017-08-03",
      "description" : "Lorem ipsum dolor sit amet consectetur adipisicing elit. Quo.",
      "id" : "-Ky0EOBRvrSTeR2dw1zZ",
      "name" : "Fezen",
      "pictureURL" : "http://www.kate.hu/wp-content/uploads/2015/07/135599150312020929_fezen_2015_datummal.jpg"
    },
    "5" : {
      "date" : "2017-11-23",
      "description" : "Lorem, ipsum dolor sit amet consectetur adipisicing elit.",
      "id" : "-Ky0EgjgM-yrJfRAa3Dr",
      "name" : "SZIN",
      "pictureURL" : "https://www.koncert.hu/uploads/concerts/koncert-20140625-11470-szin_2014_2.jpg"
    },
    "6" : {
      "date" : "2018-02-11",
      "description" : "Lorem ipsum dolor sit amet consectetur adipisicing elit. Facilis, necessitatibus.",
      "id" : "-Ky0EmBImsuc6RPV0BIH",
      "name" : "Rockmaraton",
      "pictureURL" : "http://www.rockmaraton.hu/media/images/rockmaraton-2018-jegyvasarlas.jpg"
    },
    "7" : {
      "date" : "2017-08-03",
      "description" : "Lorem ipsum dolor sit amet consectetur adipisicing elit. Quo.",
      "id" : "-Ky0Euc2W2JkH-N8qw5z",
      "name" : "Black Hat USA",
      "pictureURL" : "https://www.blackhat.com/images/page-graphics/metatag/event-logo-us17.png"
    },
    "8" : {
      "date" : "2017-11-23",
      "description" : "Lorem, ipsum dolor sit amet consectetur adipisicing elit.",
      "id" : "-Ky0F3kr0eHrm5T8HgVP",
      "name" : "TEDx",
      "pictureURL" : "https://i0.wp.com/www.tedxwellington.com/wp-content/uploads/2017/02/tedx-bulb.jpg"
    },
    "9" : {
      "date" : "2018-02-11",
      "description" : "Lorem ipsum dolor sit amet consectetur adipisicing elit. Facilis, necessitatibus.",
      "id" : "-Ky0FG-p593HsAFNPF_-",
      "name" : "ng-conf",
      "pictureURL" : "https://cdn-images-1.medium.com/max/1270/1*2j7MOWb0s5pZpQLu7d-5CQ.png"
    }
  }